{"cameraMode":{"drawMode":0,"name":"Shaded","section":"Shading Mode"},"sceneLighting":true,"audioPlay":false,"sceneViewState":{"m_AlwaysRefresh":false,"showFog":true,"showSkybox":true,"showFlares":true,"showImageEffects":true,"showParticleSystems":true,"showVisualEffectGraphs":true,"m_FxEnabled":true},"in2DMode":false,"pivot":{"x":-19.218948364257814,"y":2.938912868499756,"z":3.3912651538848879},"rotation":{"x":0.2612264156341553,"y":-0.10196632146835327,"z":0.027758538722991945,"w":0.9595049023628235},"size":2.552171468734741,"orthographic":true}