{"cameraMode":{"drawMode":0,"name":"Shaded","section":"Shading Mode"},"sceneLighting":true,"audioPlay":false,"sceneViewState":{"m_AlwaysRefresh":false,"showFog":true,"showSkybox":true,"showFlares":true,"showImageEffects":true,"showParticleSystems":true,"showVisualEffectGraphs":true,"m_FxEnabled":true},"in2DMode":false,"pivot":{"x":-18.798967361450197,"y":13.782699584960938,"z":1.9752380847930909},"rotation":{"x":-0.036247313022613528,"y":0.6746894717216492,"z":0.033228881657123569,"w":0.7364978194236755},"size":8.317895889282227,"orthographic":true}