{"cameraMode":{"drawMode":0,"name":"Shaded","section":"Shading Mode"},"sceneLighting":true,"audioPlay":false,"sceneViewState":{"m_AlwaysRefresh":false,"showFog":true,"showSkybox":true,"showFlares":true,"showImageEffects":true,"showParticleSystems":true,"showVisualEffectGraphs":true,"m_FxEnabled":true},"in2DMode":false,"pivot":{"x":9.541336059570313,"y":5.566208839416504,"z":-6.074113368988037},"rotation":{"x":0.27259692549705508,"y":-0.21950125694274903,"z":0.06401544064283371,"w":0.9345570206642151},"size":23.617267608642579,"orthographic":true}